Train	Interpolation
0.0013968824823732157	0.0015580816279421401
0.00663482950721013	0.006918916565520452
