Train	Interpolation
0.0022528172878855226	0.002437680633528409
0.000748616124163226	0.0007733688191215051
0.002129805517339556	0.0023017774248041294
0.0017381963526041488	0.0017804791714878764
0.0018294242736178966	0.0019571229655526395
0.0018588468672643631	0.001922709068242734
0.0017919856688666913	0.0019045106816366296
0.0019013959584232797	0.0020009994211054763
0.0019026343552659198	0.0020315443047305057
0.001864947967919317	0.001980091039776667
