Train	Interpolation
0.0038518329351870163	0.004332203165702244
0.004373634626726419	0.004506465665832374
