Train	Interpolation
0.10142588248847025	0.11546358686104863
0.10276563677779103	0.11630459187145697
